Company Name,RIC,RIC1(ticker),ISIN
PCCW Ord Shs,0008q.L^J08,0008q,nan
CWHKT Common Stock,0008q.L^H00,0008q,HK0008008044
AmTrust Financial Services Ord Shs,0HFJ.L^L18,0HFJ,nan
Hamburger Hafen und Logistik Ord Shs,0HFJ.L^C09,0HFJ,DE000A0S8488
Carrizo Oil and Gas Ord Shs,0HTX.L^G20,0HTX,US1445771033
Zumtobel Group Ord Shs,0HTX.L^D10,0HTX,AT0000837307
Praxair Ord Shs,0KNT.L^A19,0KNT,US74005P1049
eCard Ord Shs,0KNT.L^K09,0KNT,nan
Progenics Pharmaceuticals Ord Shs,0KOA.L^G20,0KOA,US7431871067
Centrum Nowoczesnych Technologii Ord Shs,0KOA.L^K09,0KOA,nan
Red Hat Ord Shs,0KUI.L^C20,0KUI,US7565771026
Zaklady Urzadzen Kotlowych Staporkow Ord Shs,0KUI.L^K09,0KUI,nan
365 Agile Group Ord Shs,365.L^H17,365,GB00BYY8NN14
365 Media Group Ord Shs,365.L^B07,365,GB0030716616
AAF Investment Ord Shs,AAF.L^L99,AAF,nan
Airtel Africa PLC,AAF.L,AAF,GB00BKDRYJ47
Recycled Waste Common Stock,AAM.L^J00,AAM,nan
Artemis VCT PLC,AAM.L^J20,AAM,nan
Supply Me Capital Ord Shs,ABAL.L^B20,ABAL,GB00BFMDJC60
Harvard International Ord Shs,ABAL.L^I93,ABAL,GB0000130756
Absolute Return Trust C Sterling Ord Shs,ABRc.L^C08,ABRc,GG00B29YCK00
Absolute Return Trust C Ord Shs,ABRc.L^K08,ABRc,nan
Absolute Return Trust Ord Shs,ABRc.L^F06,ABRc,GB00B12G3K38
AcenciA Debt Strategies Closed Fund,ACD.L^B19,ACD,GB00B0MSB420
Arcadian International Ord Shs,ACD.L^D98,ACD,GB0009561811
Actif Group Ord Shs,ACT.L^J06,ACT,nan
AB Consulting Common Stock,ACT.L^K93,ACT,nan
Allied Carpets Common Stock,ACT.L^K99,ACT,nan
Advance Visual Ord Shs,ACV.L^G07,ACV,GB0002565355
Active Imaging Ord Shs,ACV.L^C98,ACV,nan
Adaptive Venture Common Stock,ADE.L^E03,ADE,GB0008809906
Adscene Group Common Stock,ADE.L^J99,ADE,nan
ACM Eur Enhanced Ord Shs,AEI.L^J05,AEI,IE0009206362
abrdn Equity Income Trust PLC,AEI.L,AEI,GB0006039597
Adeste Invest Ord Shs,AET.L^I06,AET,GB0030899321
Afentra PLC,AET.L,AET,GB00B4X3Q493
Aberdeen FC Ord Shs,AFC.L^H03,AFC,GB0001039097
Advanced Fluid Ord Shs,AFC.L^I06,AFC,GB0030178478
Chiltern Capital Common Stock,AFPA.L^B92,AFPA,GB0000016500
African Pioneer PLC,AFPA.L,AFPA,IM00B8C0HK22
Amiad Water Systems Ord Shs,AFS.L^H21,AFS,IL0010943905
Aberdeen Pref Secs Common Stock,AFS.L^E98,AFS,GB0000109354
Amer General Common Stock,AGC.L^H96,AGC,US0263511067
Agcert International Ord Shs,AGC.L^D08,AGC,IE00B0764647
Assura Group REIT Ord Shs,AGRP.L^A15,AGRP,GB0033732602
Assura PLC,AGRP.L,AGRP,GB00BVGBWW93
AVI Global Trust PLC,AGT.L,AGT,GB00BLH3CY60
Argonaut Games Ord Shs,AGT.L^C05,AGT,GB0001427086
Aerostruct Hambl Common Stock,AHH.L^L95,AHH,nan
Ashtenne Hldgs Ord Shs,AHH.L^F05,AHH,GB00B01WG395
Anite Ord Shs,AIE.L^H15,AIE,GB00B3KHXB36
Ashoka India Equity Investment Trust PLC,AIE.L,AIE,GB00BF50VS41
Alternative Invest Strategies Class C Sterling Hedged Ord Shs,AISc.L^J05,AISc,nan
Alternative Invest Strategies Red Ord Shs,AISc.L^H01,AISc,GB0030758675
Alternative Invest.Strategies Ord Shs,AISc.L^F06,AISc,GB00B13HDM76
Alterian Ord Shs,ALN.L^A12,ALN,GB0009221044
Fortress Hldgs Common Stock,ALN.L^K99,ALN,nan
American Investment Trust Ord Shs,AMI.L^G05,AMI,GB0009772905
Amber Industrial Common Stock,AMI.L^J98,AMI,nan
Galleon Holdings Ord Shs,AND.L^L01,AND,nan
Geojunxion Ord Shs,AND.L^E98,AND,NL0000430106
ActiveOps PLC,AOM.L,AOM,GB00BLH37Y17
Alpha Omikron Common Stock,AOM.L^D97,AOM,BMG0688S1008
Api Group Ord Shs,APIA.L^C15,APIA,GB00BVL7ZV22
abrdn Property Income Trust Ltd,APIA.L,APIA,GB0033875286
AVANTI PARTNERS Common Stock,APN.L^L01,APN,nan
Appian Tech Ord Shs,APN.L^L08,APN,nan
Allied Ptnrsp Common Stock,APNT.L^A92,APNT,GB0000206333
All Points North Ord Shs,APNT.L^I12,APNT,GB00B1J3F018
Albermarle Prop Common Stock,APP.L^K99,APP,nan
African Platinum Ord Shs,APP.L^E07,APP,GB0031664823
Alpha Strategic Ord Shs,APS.L^L13,APS,nan
American Port Services Ord Shs,APS.L^I98,APS,GB0000906924
Archipelago Resources Ord Shs,AR.L^K13,AR,GB0033551721
ASARCO Inc Common Stock,AR.L^D97,AR,US0434131035
Aram Resources Common Stock,ARA.L^A01,ARA,GB0001514701
Aura Renewable Acquisitions PLC,ARA.L,ARA,GB00BKPH9N11
Ardana Ord Shs,ARA.L^J14,ARA,nan
Atlantic Rich Common Stock,ARC.L^H96,ARC,US0488251036
Arcontech Group PLC,ARC.L,ARC,GB00BDBBJZ03
South Wharf Ord Shs,ARG.L^A02,ARG,IE0004667873
Argos Ord Shs,ARG.L^H98,ARG,GB0000486794
Arlington Group Ord Shs,ARL.L^E08,ARL,BMG0536L1090
Archial Group Ord Shs,ARL.L^J10,ARL,nan
Armour Group Ord Shs,ARMA.L^B15,ARMA,GB00BTYZXD73
Asia Resource Minerals Ord Shs,ARMA.L^G15,ARMA,GB00BXC7WN61
Ashcourt Rowan Ord Shs,ARPR.L^E15,ARPR,GB00B6540P35
Ampolex Ltd Common Stock,ARPR.L^A03,ARPR,nan
Artisan (UK) Ord Shs,ART.L^B12,ART,GB00B1L63P90
Artisanal Spirits Company PLC,ART.L,ART,GB00BNXM3P96
ASA Ltd Common Stock,ASA.L^D97,ASA,nan
Asa Resource Group Ord Shs,ASA.L^K17,ASA,GB00B0GN3470
Ashland Ord Shs,ASHq.L^A00,ASHq,US0441861046
Ashton Mining Common Stock,ASHq.L^G94,ASHq,nan
ANGLO SIBERIAN Common Stock,ASO.L^F03,ASO,GB0002903069
Avesco Ord Shs,ASO.L^E07,ASO,GB0034070515
Avanta Serviced Office Group Ord Shs,ASOA.L^A15,ASOA,GB00BSS7DZ41
Avesoro Resources Ord Shs,ASOA.L^A20,ASOA,CA05366A3029
Ascribe Ord Shs,ASP.L^B09,ASP,GB00B04WW503
Aspen Group PLC Common Stock,ASP.L^G99,ASP,GB0000539410
Auction Technology Group PLC,ATG.L,ATG,GB00BMVQDZ64
Armitage Bros Common Stock,ATG.L^E03,ATG,GB0000498104
Moneybox Common Stock,ATM.L^I05,ATM,GB0034260231
Andrada Mining Ltd,ATM.L,ATM,GG00BD95V148
Moneybox Ordinary Shares,ATMA.L^I05,ATMA,GB00B0DKTV01
Atlas Mara Ord Shs,ATMA.L^K21,ATMA,VGG0697K1066
Aterian PLC,ATN.L,ATN,GB00BKS7ZV87
Attentiv Sys Grp Common Stock,ATN.L^F05,ATN,GB0034272863
Atlantic Telecom Common Stock,ATN.L^J01,ATN,nan
ARTEMIS A RFD,ATSr.L^F04,ATSr,GB0033846931
Artemis Alpha Ordinary Shares,ATSr.L^G05,ATSr,GB00B06W4749
Altek Power Corp Common Stock,ATU.L^D97,ATU,nan
Airbath Group Common Stock,ATU.L^F05,ATU,GB0030645864
Aurora Russia Ord Shs,AURR.L^C16,AURR,GB00B0Z52Y71
Aurrigo International PLC,AURR.L,AURR,GB00BNG73286
Adv Value Real Common Stock,AVR.L^I03,AVR,GB0009282095
Avarae Global Coins Ord Shs,AVR.L^J16,AVR,GB00B137SQ61
AWG Ord Shs,AWG.L^L06,AWG,nan
Appleby Westward Common Stock,AWG.L^I97,AWG,GB0000463165
AWG Common Stock,AWGr.L^I01,AWGr,GB0030723521
AWG RED SHS RFD,AWGr.L^J03,AWGr,nan
AWG RFD,AWGr.L^C04,AWGr,GB0033970442
Aztec Resources Ord Shs,AZRq.L^A07,AZRq,AU000000AZR4
Aztar Corp Ord Shs,AZRq.L^K97,AZRq,nan
Bluecrest Allblue USD Fund Ord Shs,BABScu.L^I08,BABScu,GG00B2RJ9R34
BlueCrest AllBlue C $ Closed Fund Ord Shs,BABScu.L^H10,BABScu,GG00B3R7T744
British American Tobacco PLC,BATS.L,BATS,GB0002875804
Brit Am Tobacco Common Stock,BATS.L^I98,BATS,GB0000681162
Bigblu Broadband PLC,BBB.L,BBB,GB00BD5JMP10
Berkeley Berry Birch Ord Shs,BBB.L^J14,BBB,nan
Barbour Index Common Stock,BBR.L^F99,BBR,GB0000776400
Blooms of Bress Ord Shs,BBR.L^D07,BBR,GB0009428896
Bucknall Austin Ord Shs,BCA.L^K98,BCA,nan
Bca Marketplace Ord Shs,BCA.L^K19,BCA,GB00BP0S1D85
Banner Chemicals Common Stock,BCL.L^J99,BCL,nan
Bruntcliffe Aggr Common Stock,BCL.L^B98,BCL,GB0001494532
BC Income and Growth Fund LTD Common Stock,BCN.L^J02,BCN,nan
Beacon Investment Trust PLC Common Stock,BCN.L^L99,BCN,nan
Baronsmead VCT Common Stock,BDVc.L^J04,BDVc,nan
Baronsmead VCT Ord Shs,BDVc.L^D07,BDVc,GB00B067N387
Brazilian Dia Ordinary Shares,BDYxq.L^F05,BDYxq,CA1058742000
Brazilian Dia Common Stock,BDYxq.L^D04,BDYxq,CAC118451011
Bell Group Ord Shs,BEL.L^G04,BEL,GB0006125578
Bellwinch PLC Common Stock,BEL.L^I98,BEL,GB0000905959
BSoft Ord Shs,BFB.L^I03,BFB,GB0005631055
Break For The Border Ord Shs,BFB.L^I99,BFB,GB0001212132
Biogen Ord Shs,BGENq.L^K07,BGENq,US09062X1037
Biogen Inc Common Stock,BGENq.L^K03,BGENq,nan
Bango PLC,BGO.L,BGO,GB00B0BRN552
Signature Restnt Common Stock,BGO.L^K01,BGO,nan
Britton Group Common Stock,BGP.L^C98,BGP,GB0001427318
Bioglan Pharma Ord Shs,BGP.L^H02,BGP,GB0004342670
Belhaven Group Cash Ord Shs,BHGA.L^J05,BHGA,nan
BHP Gold Mines Common Stock,BHGA.L^L90,BHGA,nan
Brands Hatch Common Stock,BHL.L^B00,BHL,GB0001201242
Bradda Head Lithium Limited,BHL.L,BHL,VGG154091083
Biota Holdings Ord Shs,BIO.L^D97,BIO,AU000000BTA1
Biofocus Common Stock,BIO.L^K05,BIO,nan
Bella Media Ord Shs,BLLA.L^G09,BLLA,GB00B29VLD71
Bell Group Common Stock,BLLA.L^H90,BLLA,AU000000BLL5
Baltimore Capital Ord shs,BLM.L^H06,BLM,GB00B0WMQ271
Bltchley Motor Common Stock,BLM.L^C95,BLM,GB0001043008
Battle Mtn Gold Common Stock,BMGq.L^A00,BMGq,US0715931079
BDI Mining Ord Shs,BMGq.L^F07,BMGq,VGG0905F1053
Bramlin Ord Shs,BML.L^L08,BML,nan
Host Europe Common Stock,BML.L^I99,BML,GB0007389256
Burtonwood Common Stock,BND.L^B05,BND,GB0001567097
Bandt PLC Common Stock,BND.L^K99,BND,nan
Fastrack Group Common Stock,BNT.L^I95,BNT,GB0001762573
Basepoint Ord Shs,BNT.L^H06,BNT,GB0007381295
BOC Group Assd Cash Ord Shs,BOCA.L^B07,BOCA,GB00B10QTS58
Boundary Capital Ord Shs,BOCA.L^I10,BOCA,IE00B1W7FK04
Booker PLC Common Stock,BOK.L^H00,BOK,GB0001105237
Booker Group Ord Shs,BOK.L^C18,BOK,GB00B01TND91
Hollywood Bowl Group PLC,BOWL.L,BOWL,GB00BD0NVK62
DEAN & BOWES STK,BOWL.L^F92,BOWL,GB0002601838
BP PLC,BP.L,BP,GB0007980591
BP Ord Shs,BP.L^A99,BP,GB0007980591
Brake Brothers Common Stock,BRK.L^L02,BRK,nan
Brooks Macdonald Group PLC,BRK.L,BRK,GB00B067N833
Brightstone Prop Common Stock,BRP.L^J96,BRP,nan
Black Raven Ord Shs,BRP.L^E09,BRP,GB00B05Q5S56
Braemore Res Ord Shs,BRR.L^K09,BRR,nan
Barrasford Hlgds Common Stock,BRR.L^J98,BRR,nan
BMSS PLC Common Stock,BSS.L^A96,BSS,GB0000691641
BETonSPORTS Ord Shs,BSS.L^A07,BSS,GB00B01CDB60
BTG Ord Shs,BTG.L^H19,BTG,GB0001001592
Brit Glb Income Common Stock,BTG.L^K05,BTG,nan
Brooke Indu Common Stock,BTG.L^K96,BTG,nan
Betex Group Ord Shs,BTX.L^J07,BTX,GB00B0967T61
Britax International Ord Shs,BTX.L^J01,BTX,nan
Bridgewell Group Ord Shs,BWL.L^H07,BWL,GB00B1661Y95
Brent Walker Common Stock,BWL.L^J97,BWL,nan
Beazer Group Common Stock,BZR.L^D01,BZR,GB0000921048
BEAZER STK,BZR.L^D92,BZR,GB0000872852
Camellia Investments Ord Shs,CAML.L^A03,CAML,GB0001667087
Central Asia Metals PLC,CAML.L,CAML,GB00B67KBV28
Zyzygy Ord Shs,CAN.L^E02,CAN,GB0009585182
Central African Gold Ord Shs,CAN.L^L10,CAN,nan
Big River Gold Ord Shs,CAS.L^C19,CAS,AU0000052060
Collective Asset Common Stock,CAS.L^F05,CAS,GB0004441928
Cambridge Isotop Common Stock,CBI.L^J95,CBI,nan
China Biodiesel International Holding Ord Shs,CBI.L^G10,CBI,VGG211791097
Cake Box Holdings PLC,CBOX.L,CBOX,GB00BDZWB751
Cashbox Ord Shs,CBOX.L^E11,CBOX,GB00B0ZL4V64
C&B Publishing Common Stock,CBP.L^F01,CBP,GB0001592582
Curtis Banks Group PLC,CBP.L,CBP,GB00BW0D4R71
Cellular Goods PLC,CBX.L,CBX,GB00BK964W87
Cubus Lux Ord Shs,CBX.L^D12,CBX,GB00B3BPBV21
Circle Communic Common Stock,CCC.L^H97,CCC,GB0002068970
Computacenter PLC,CCC.L,CCC,GB00BV9FP302
CRC Group Ord Shs,CCG.L^B07,CCG,GB0001820942
Parity Group Ord Shs,CCG.L^G94,CCG,GB00B1235860
CRC Group-Assentedline Fonebak Ord Shs,CCGA.L^B07,CCGA,GB00B1L7K064
Claimar Care Group Assd Ord Shs,CCGA.L^I09,CCGA,GB00B40KJ772
Coca Cola HBC AG,CCH.L,CCH,CH0198251305
Celltech Group Common Stock,CCH.L^H04,CCH,GB0001822765
CCH International Ord Shs,CCH.L^J07,CCH,nan
Country Casuals Common Stock,CCH.L^C98,CCH,GB0002273935
Sheffield United Ord Shs,CCL.L^A96,CCL,GB0002181484
Carnival PLC,CCL.L,CCL,GB0031215220
Cooper Clarke Common Stock,CCP.L^K93,CCP,nan
Celtic PLC,CCP.L,CCP,GB0004339189
Cardcast PLC Common Stock,CCT.L^L96,CCT,nan
Character Group PLC,CCT.L,CCT,GB0008976119
Castle Coms Common Stock,CCT.L^J94,CCT,nan
Cadbury Assd A Ord Shs,CDBA.L^B10,CDBA,GB00B56HJB30
C D BRAM ASSD CSH,CDBA.L^C04,CDBA,GB0034207240
Cadbury Assd B Ord Shs,CDBB.L^B10,CDBB,GB00B56HJP75
C D BRAM ASSD STK,CDBB.L^C04,CDBB,GB0034207356
Caledon Resources Ord Shs,CDN.L^H11,CDN,GB00B1GJZT14
Calderburn PLC Common Stock,CDN.L^J99,CDN,nan
Caldwell Invs Common Stock,CDWn.L^J99,CDWn,nan
Caldwell Invs Ordinary Shares,CDWn.L^G05,CDWn,GB00B0C05K23
Crown Eyeglass Common Stock,CEG.L^H00,CEG,GB0002377124
Challenger Energy Group PLC,CEG.L,CEG,IM00BN2RD444
Coastal Energy Ord Shs,CEO.L^A14,CEO,KYG224041189
Creos Intl Common Stock,CEO.L^I99,CEO,GB0002353745
Cerillion PLC,CER.L,CER,GB00BYYX6C66
Celtic Resources Ord Shs,CER.L^A08,CER,IE0031880887
Country Gardens Common Stock,CGA.L^B01,CGA,GB0002288131
China Gateway International Ord Shs,CGA.L^D12,CGA,GB00B1P70L34
Catlin Group Ord Shs,CGL.L^E15,CGL,BMG196F11004
Castelnau Group Ltd,CGL.L,CGL,GG00BMWWJM28
Car Group Ord Shs,CGO.L^H99,CGO,GB0001751139
Contango Holdings PLC,CGO.L,CGO,GB00BF0F5X78
Clubhaus PLC Common Stock,CHA.L^F04,CHA,GB0002045127
Concha Ord Shs,CHA.L^J18,CHA,nan
Church & Co PLC Common Stock,CHCH.L^A00,CHCH,GB0001960060
Churchill China PLC,CHCH.L,CHCH,GB0001961035
Charalambides Ord Shs,CHD.L^F07,CHD,CY0009670817
Chemical Design Common Stock,CHD.L^F98,CHD,GB0001950582
Virtual Internet Common Stock,CHI.L^A99,CHI,GB0004442330
Clayhithe PLC Common Stock,CHI.L^H98,CHI,GB0002020112
CT UK High Income Trust PLC,CHI.L,CHI,GB00B1N4G299
Close High Prop Ord Shs,CHIe.L^G06,CHIe,GB00B0W1V302
Close High Inc Properties D Ord Shs,CHIe.L^L06,CHIe,nan
Close High Prop Common Stock,CHIec.L^D04,CHIec,GB00B00LSQ41
Close High Prop 'C' Shs,CHIec.L^G04,CHIec,GB00B01C5323
Chill Brands Group PLC,CHLL.L,CHLL,GB00BWC4X262
Charterhall PLC Ordinary,CHLL.L^A03,CHLL,nan
Churchill Mining Ord Shs,CHLL.L^F17,CHLL,GB00B1318J18
Chilton Radio Common Stock,CHN.L^L95,CHN,nan
Chian Resources Ord Shs,CHN.L^J06,CHN,nan
Constellation Healthcare Technologies Ord Shs,CHT.L^A17,CHT,USU210051004
Company Health Ord Shs,CHT.L^C10,CHT,GB00B06Y3848
Chaucer Holdings Common Stock,CHUr.L^F01,CHUr,GB0030271364
CHAUCER HOLDINGS STK R,CHUr.L^F03,CHUr,GB0032800038
CI Group PLC Common Stock,CIG.L^I95,CIG,GB0002223096
Chartwell Int UK Common Stock,CIG.L^D98,CIG,GB0001923720
Critical Information Group Ord Shs,CIG.L^C11,CIG,GB00B4XB3Y29
Claims Direct Common Stock,CLA.L^C04,CLA,GB0009212647
Cordillera Res Ord Shs,CLA.L^J06,CLA,GB00B0562405
Cullens Holdings Common Stock,CLH.L^I97,CLH,GB0009431056
Carlisle Hldgs Common Stock,CLH.L^F99,CLH,GB0004326368
Cassell PLC Common Stock,CLL.L^C99,CLL,GB0001794501
Cello Health Ord Shs,CLL.L^H20,CLL,GB00B0310763
Calyx Group Ord Shs,CLXq.L^G07,CLXq,IE00B068Y056
Clorox Ord Shs,CLXq.L^A00,CLXq,US1890541097
Caplay Ord Shs,CLY.L^J09,CLY,nan
Clydeport Common Stock,CLY.L^B03,CLY,GB0002051737
Avanti Capital Ord Shs,CMB.L^K99,CMB,nan
JPMorgan Chase Ord Shs,CMB.L^H96,CMB,US46625H1005
Carnaud Metalbox Common Stock,CMB.L^A96,CMB,FR0000121865
CMG Common Stock,CMG.L^L02,CMG,nan
Carrs Group Ord Shs,CMG.L^L95,CMG,nan
Champion Ord Shs,CMP.L^K09,CMP,nan
Compco Ord Shs,CMP.L^H03,CMP,GB0002148012
Communisis Ord Shs,CMS.L^L18,CMS,nan
CAMAS PLC Common Stock,CMS.L^G97,CMS,GB0001656197
Camelot Capital Ord Shs,CMT.L^J06,CMT,nan
Central Motor Common Stock,CMT.L^G96,CMT,nan
Capricorn Energy Ord Shs,CNEL.L^I93,CNEL,GB00BQ98V038
China New Energy Ord Shs,CNEL.L^G20,CNEL,JE00B3RWLF12
Continental Food Common Stock,CNF.L^J96,CNF,nan
Channelfly Common Stock,CNF.L^E03,CNF,GB0009239145
Coal International Ord Shs,COAL.L^H08,COAL,GB00B06YVB34
Coalite Group PLC Ord Shs,COAL.L^A03,COAL,nan
Columbus Group Common Stock,COL.L^H00,COL,GB0001769909
Coal Investments Common Stock,COL.L^L95,COL,nan
Comland Coml Ord Shs,COML.L^J07,COML,nan
Command Petr Common Stock,COML.L^C02,COML,nan
Provalis Ord Shs,COR.L^L97,COR,nan
Chorion Ord Shs,COR.L^E06,COR,GB0033554287
Concateno Ord Shs,COT.L^H09,COT,GB00B06LBN62
Capital Opp Stk Common Stock,COT.L^L03,COT,nan
Crest Packaging Common Stock,CPC.L^C99,CPC,GB0002347358
City Pub Group PLC,CPC.L,CPC,GB00BYWRS683
Compass Group Ord Shs,CPG.L^G00,CPG,GB00BD6K4575
Resources in Insurance Group Ord Shs,CPG.L^A01,CPG,GB0006158686
Compass Group PLC,CPG.L,CPG,GB00BD6K4575
Circle Property Ord Shs,CRC.L^F23,CRC,JE00BYP0CK63
Copper Resources Ord Shs,CRC.L^C09,CRC,VGG2421F1062
Caracal Energy Ord Shs,CRCL.L^G14,CRCL,CA1407561077
Corcel PLC,CRCL.L,CRCL,GB00BKM69866
China Real Estate Opportunitiesortunities Ord Shs,CREO.L^F10,CREO,JE00B1P8F991
China Real Est Ord Shs,CREO.L^C07,CREO,LU0238421142
Creo Medical Group PLC,CREO.L,CREO,GB00BZ1BLL44
Cramphorn PLC Common Stock,CRHL.L^K91,CRHL,nan
Creat Resources Holdings Ord Shs,CRHL.L^J14,CRHL,nan
Creative Publish Common Stock,CRV.L^K98,CRV,nan
Craven House Capital PLC,CRV.L,CRV,GB00BD4FQ360
Craneware PLC,CRW.L,CRW,GB00B2425G68
Chester Water Common Stock,CRW.L^C97,CRW,GB0001916039
Clearspeed Tech Ord Shs,CSD.L^F09,CSD,GB00B01TNC84
Charles Sidney Common Stock,CSD.L^C98,CSD,GB0001883155
City Site Common Stock,CSE.L^B99,CSE,GB0002000262
Close FTSE 100 Trust Cap Ord Shs,CSE.L^F05,CSE,GB0007382483
Compass Software Common Stock,CSG.L^L03,CSG,nan
Castings Ord Shs,CSG.L^L96,CSG,nan
COMPASS SOFTWARE ASS STK,CSGA.L^L03,CSGA,nan
Sweett Group Ord Shs Assd,CSGA.L^H16,CSGA,GB00BD20C915
Cresco Intl Common Stock,CSI.L^K02,CSI,nan
Saltire PLC Common Stock,CSI.L^L94,CSI,nan
CT Automotive Group PLC,CTA.L,CTA,GB00BMHYGR77
Cater Allen Common Stock,CTA.L^K97,CTA,nan
Tangent Communications Ord Shs,CTL.L^H02,CTL,GB0005405849
CleanTech Lithium plc,CTL.L,CTL,JE00BPCP3Z37
Charles Taylor Ord Shs,CTR.L^A20,CTR,GB0001883718
Celtic Resources Common Stock,CTR.L^J96,CTR,nan
Coutts Consulting Ord Shs,CTS.L^F99,CTS,GB0002424710
Corp Syngy Hldgs Common Stock,CTS.L^H02,CTS,GB0030314727
City of London Investment Trust PLC,CTY.L,CTY,GB0001990497
Critchley Group Common Stock,CTY.L^F00,CTY,GB0002347689
Countrywide-Assentedline Rightmove Sale Election Ord Shs,CWDA.L^B07,CWDA,GB00B1L6Q501
Countrywide Ord Shs Assd,CWDA.L^C21,CWDA,GB00BKY6BP58
Cable and Wireless Worldwide Ord Shs,CWP.L^G12,CWP,GB00B5WB0X89
Crown Products Common Stock,CWP.L^D98,CWP,GB0002375300
Cable and Wireless Communications Ord Shs,CWP.L^G93,CWP,GB00B5KKT968
Dexion Absolute NPV Ord Shs,DABc.L^B08,DABc,GG00B284Y166
Dexion Absolute Usd Voting Ord Shs,DABc.L^B06,DABc,GB00B0M84W13
Dexion Absolute Common Stock,DABc.L^H04,DABc,GB00B012TH46
S Daniels PLC Common Stock,DAN.L^L02,DAN,nan
Daniel Stewart Securities Ord Shs,DAN.L^A16,DAN,GB0004602842
Datacash Group Ord Shs,DATA.L^J10,DATA,GB0030440613
GlobalData PLC,DATA.L,DATA,GB00B87ZTG26
Dataflex Common Stock,DFX.L^K03,DFX,nan
Defenx Ord Shs,DFX.L^A20,DFX,GB00BYNF4J61
Disperse Group Ord Shs,DGP.L^G07,DGP,GB0001786069
Darby Group Common Stock,DGP.L^E03,DGP,GB0002643780
Diverse Income Trust Cls C Ord Shs,DIVIc.L^J14,DIVIc,nan
Diverse Income Trust (The) Ord Shs,DIVIc.L^J12,DIVIc,nan
Dimension Res Ord Shs,DMR.L^G09,DMR,BMG276151062
De Morgan Common Stock,DMR.L^E95,DMR,GB0002493640
Dianomi PLC,DNM.L,DNM,GB00BLH32M40
Lumination Common Stock,DNM.L^L99,DNM,nan
Dominion Mining Ord Shs,DOM.L^G94,DOM,AU000000DOM3
Domino's Pizza Group PLC,DOM.L,DOM,GB00BYN59130
Sayona Mining Ord Shs,DON.L^H09,DON,AU000000SYA5
Donatantonio Common Stock,DON.L^B04,DON,GB0002762093
Development Securities Ord Shs,DSCr.L^H10,DSCr,GB00B40YYX09
Development Securities RFD Ord Shs,DSCr.L^J09,DSCr,GB00B61GM796
Dexion Trading C Ord Shs,DTLc.L^K07,DTLc,nan
Dexion Trading C GBP Ord Shs,DTLc.L^D08,DTLc,GG00B2PXW123
Dentmaster Hldgs Common Stock,DTM.L^F99,DTM,GB0002637063
Datamonitor Ord Shs,DTM.L^H07,DTM,GB0009757112
DRX Inc Common Stock,DTR.L^B92,DTR,nan
Datrontech Common Stock,DTR.L^K01,DTR,nan
Dignity Ord Shs,DTY.L^E23,DTY,GB00BRB37M78
Donelon Tyson Common Stock,DTY.L^J95,DTY,nan
De Vere Group Assd Cash Ord Shs,DVRA.L^I06,DVRA,GB00B17PDS35
De Vere Common Stock,DVRA.L^L04,DVRA,nan
Equatorial Biofuels Ord Shs,EBF.L^B07,EBF,GB00B0R2RS53
Elbief Common Stock,EBF.L^H02,EBF,GB0003076600
East Balkan Properties Ord Shs,EBP.L^L12,EBP,nan
Edinburgh Pacific and Income Trust PLC Common Stock,EBP.L^K03,EBP,GB0006157613
Econergy International Ord Shs,ECG.L^K08,ECG,nan
Podia Group Common Stock,ECG.L^F01,ECG,GB0004985080
Eurocastle Investments Ltd,ECT.L^L05,ECT,nan
ECU Trust PLC Common Stock,ECT.L^L96,ECT,nan
Enterprise Capital Trust PLC Common Stock,ECT.L^D03,ECT,GB0004574025
Edge Resources Ord Shs,EDG.L^D16,EDG,CA27986R1010
Edin Oil & Gas Common Stock,EDG.L^G05,EDG,GB0003054599
Auto Indemnity Common Stock,EEG.L^F95,EEG,GB0003140133
Elevation Events Ord Shs,EEG.L^A07,EEG,GB00B01DS929
Eastern Group Common Stock,EEL.L^A96,EEL,GB0003013389
Equator Exploration Ord Shs,EEL.L^C09,EEL,VGG3084F1282
Electrical Geodesics Ord Shs,EGI.L^G17,EGI,US28501X2018
East German Investment Trust PLC Common Stock,EGI.L^K01,EGI,nan
Ecofin Global Utilities and Infrastructure Trust PLC,EGL.L,EGL,GB00BD3V4641
Eagles PLC Common Stock,EGL.L^K99,EGL,nan
Energis Common Stock,EGS.L^I02,EGS,GB0008897828
eg solutions Ord Shs,EGS.L^K17,EGS,nan
Elixir Energy Ord Shs,ELP.L^C09,ELP,AU000000EXR1
Euroland Plus Smaller Co's PLC Common Stock,ELP.L^I99,ELP,GB0007909814
El Oro and Expl Ord Shs,ELX.L^C09,ELX,GB0003265021
EL Oro Closed Fund,ELX.L^G19,ELX,GG00B77Q7194
Emperor Mines Ord Shs,EMP.L^D97,EMP,nan
Empire Inter Ord Shs,EMP.L^L06,EMP,nan
Enova Systems RegS Ord Shs,ENVx.L^A15,ENVx,USU292791113
Enova Systems Ord Shs,ENVx.L^G07,ENVx,USU292791030
European Monthly Income Trust Ord Shs,EPM.L^C06,EPM,GB0003673299
Epic Group Common Stock,EPM.L^L98,EPM,nan
Earthport Ord Shs,EPO.L^F19,EPO,GB00B0DFPF10
XCL Ord Shs,EPO.L^G94,EPO,US9837011033
Exeter Smaller Companies Income Fund Ord Shs,ESC.L^H05,ESC,GB0009695544
European Smaller Companies PLC Common Stock,ESC.L^F99,ESC,GB0003149498
Esporta Common Stock,ESP.L^I02,ESP,GB0009220186
Empiric Student Property PLC,ESP.L,ESP,GB00BLWDVR75
ESV Ord Shs,ESVq.L^J06,ESVq,nan
Euronet Worldwide Ord Shs,ESVq.L^D99,ESVq,US2987361092
Evolution Group Ord Shs,EVG.L^L11,EVG,nan
Evgen Pharma PLC,EVG.L,EVG,GB00BSVYN304
Essex Furniture Common Stock,EXF.L^G99,EXF,GB0003200549
Exeter Equity Gwth Ord Shs,EXF.L^L06,EXF,nan
Exillon Energy Ord Shs,EXIL.L^L20,EXIL,nan
Expamet Common Stock,EXIL.L^I93,EXIL,GB0003260071
MWB Group Holdings Ord Shs,EXL.L^G97,EXL,GB00B2PF7L39
Exel Ord Shs,EXL.L^L05,EXL,nan
Falcon Asset Ord Shs When Issued,FAB.L^D06,FAB,GB00B116QV61
Fabian Romania Ord Shs,FAB.L^D09,FAB,JE00B1G3K654
Fusion Antibodies PLC,FAB.L,FAB,GB00BDQZGK16
FAI Insurances Common Stock,FAI.L^B95,FAI,AU000000FAI5
JPMorgan Asia Growth & Income Plc,FAI.L^B02,FAI,GB0001320778
Fairfield Ent Common Stock,FFD.L^C00,FFD,GB0000607704
Arena Leisure Ord Shs,FFD.L^G97,FFD,GB0000219260
Fairground Ord Shs,FGH.L^L06,FGH,nan
Queensborough Common Stock,FGH.L^K94,FGH,nan
JPMF Managed Inc Common Stock,FGI.L^L02,FGI,nan
JPMorgan Fleming Technology Trust PLC Common Stock,FGI.L^J00,FGI,nan
Fitch-RS PLC Common Stock,FIH.L^F99,FIH,GB0003414645
FIH Group PLC,FIH.L,FIH,GB00BD0CWJ91
Fusion Ip Ord Shs,FIP.L^C14,FIP,GB00B05L5X50
Panmure Gordon and Company Ord Shs,FIP.L^L97,FIP,nan
Flightstore Group Ord Shs,FLG.L^F07,FLG,GB0033884353
Finelist Group Common Stock,FLG.L^F00,FLG,GB0003343125
Friends Life Group Ord Shs,FLG.L^D15,FLG,GG00B62W2327
Flexpoint Sensor Systems Ord Shs,FLXT.L^D01,FLXT,US33938W2061
Flextech Common Stock,FLXT.L^E00,FLXT,GB0003432332
JPMorgan Elect Managed Growth Ord Shs,FMG.L^L02,FMG,nan
Storedale PLC Common Stock,FMG.L^H97,FMG,GB0003477741
Finders Resources Ord Shs,FND.L^A11,FND,AU000000FND9
Fine Decor PLC Common Stock,FND.L^A96,FND,GB0003372702
CT UK Capital And Income Ord Shs,FPP.L^A03,FPP,GB0003463287
Fragrant Prosperity Holdings Ltd,FPP.L,FPP,VGG368811037
Freeserve Common Stock,FRE.L^C01,FRE,GB0004767421
Freeman Group Ord Shs,FRE.L^D94,FRE,GB0003519138
Cobham Ord Shs,FRG.L^K94,FRG,nan
Firering Strategic Minerals Plc,FRG.L,FRG,CY0109692117
FRP Advisory Group PLC,FRP.L,FRP,GB00BL9BW044
French Property Trust PLC Common Stock,FRP.L^G01,FRP,GB0003524666
Frontera Resources Ord Shs,FRR.L^A19,FRR,KYG368131069
Base Group Ord Shs,FRR.L^K00,FRR,nan
Foresight Sustainable Forestry Company PLC,FSF.L,FSF,GB00BMDPKM71
Family Shari'ah Fund Ord Shs,FSF.L^E12,FSF,KYG7768P1046
FishWorks Ord Shs,FSH.L^B09,FSH,GB0009588533
Albert Fisher Ord Shs,FSH.L^G02,FSH,GB0003396073
Fitness First Common Stock,FTF.L^G03,FTF,GB0030038466
Foresight Enterprise VCT PLC,FTF.L,FTF,GB00B07YBS95
Forward Partners Group PLC,FWD.L,FWD,GB00BKPGBB09
Forward Group Common Stock,FWD.L^E97,FWD,GB0003471728
Gcp Asset Backed Income Fund C Ord Shs,GABIGc.L^D18,GABIGc,JE00BYW1DN23
GCP Asst Backd Income Fund Ord C Shs,GABIGc.L^H17,GABIGc,JE00BYYS2J04
Natwest Enterprise Trust PLC Common Stock,GAE.L^L97,GAE,nan
American Endeavour Fund Common Stock,GAE.L^F95,GAE,GB0003803268
Gartmore Amer Common Stock,GASL.L^I93,GASL,GB0005275093
Gasol Ord Shs,GASL.L^G14,GASL,GB00B826T938
AB FOODS Ord Shs,GB0055969.L^A00,GB0055969,nan
Abf Investments Ord Shs,GB0055969.L^J02,GB0055969,nan
BAMPTON Ord Shs,GB0073723.L^F97,GB0073723,nan
BAMPTON Ord shs,GB0073723.L^D02,GB0073723,nan
Kvaerner E&C Holdings Ord Shs,GB0148029.L^J02,GB0148029,nan
BROWN (JOHN) 0.0LS,GB0148029.L^K99,GB0148029,nan
Burndene Ord Shs,GB0155784.L^D02,GB0155784,nan
Burndene Inv Common Stock,GB0155784.L^J02,GB0155784,nan
CESC Class Q Ord Shs,GB0162869.L^F03,GB0162869,INE492601013
CESC Ord Shs,GB0162869.L^H96,GB0162869,INE486A01021
Canadian Overseas Packaging Ord Shs,GB0170602.L^H96,GB0170602,nan
Canadian Overseas Ord Shs,GB0170602.L^G02,GB0170602,nan
Charlwood Alliance Holding Ord Shs,GB0188025.L^D02,GB0188025,nan
Charlwood Alliance Hldgs  7 1/2% Uns Ln Stk 50P,GB0188025.L^J02,GB0188025,nan
CHURCHBURY EST Ord Shs,GB0196062.L^F97,GB0196062,GB0001960623
CHURCHBURY EST Ord SHS,GB0196062.L^A00,GB0196062,nan
Coats Patons Ord Shs,GB0206723.L^L99,GB0206723,nan
Coats Patons Common Stock,GB0206723.L^J02,GB0206723,nan
CONS.BULTFONTN.,GB0216506.L^H02,GB0216506,QQ0002165066
Consol Bultfont Common Stock,GB0216506.L^L96,GB0216506,nan
DEBENHAMS Ord shs,GB0260428.L^H02,GB0260428,GB0002604287
Debenhams Direct Ord Shs,GB0260428.L^J99,GB0260428,nan
Debenhams Ord,GB0260440.L^H02,GB0260440,GB0002604402
DEBENHAMS Ord Shs,GB0260440.L^J99,GB0260440,nan
Durban Development Ord Shs,GB0288271.L^G02,GB0288271,nan
DURBAN ROODEPOOR Ord Shs,GB0288271.L^C02,GB0288271,nan
Eldridge Pope Ord Shs,GB0308102.L^I08,GB0308102,GB0003081022
ELDRIDGE POPE Ord Shs,GB0308102.L^F97,GB0308102,nan
FREE STATE DEV,GB0351311.L^G02,GB0351311,nan
Free State Development Ord Shs,GB0351311.L^C02,GB0351311,nan
Genfinance 11.49% Loan Stock,GB0366821.L^J02,GB0366821,nan
Genfinance Ord Shs,GB0366821.L^F97,GB0366821,nan
GENFINANCE Ord shs,GB0366854.L^H00,GB0366854,nan
GENFINANCE Ord Shs,GB0366854.L^F97,GB0366854,nan
Aberdeen Preferred Income Trust Ord Shs,GB0376756.L^C08,GB0376756,nan
ABERDEEN PREFERR Ord shs,GB0376756.L^D02,GB0376756,nan
GREENALLS Ord Shs,GB0386960.L^I99,GB0386960,nan
GREENALLS GROUP Ord shs,GB0386960.L^F97,GB0386960,GB0003869608
HARMONY GOLD MIN Ord Shs,GB0410568.L^C02,GB0410568,nan
Harmony Gold Mining Ord Shs,GB0410568.L^G02,GB0410568,nan
Bank Ire Common Stock,GB0432647.L^G05,GB0432647,nan
BANK OF IRELAND Ord shs,GB0432647.L^L98,GB0432647,nan
Tongaat Hulett Ord Shs,GB0443508.L^G02,GB0443508,nan
TONGAAT-HULETT Ord shs,GB0443508.L^C02,GB0443508,nan
IMI ORD Shs,GB0457974.L^F97,GB0457974,GB0004579743
IMI 0.0LS,GB0457974.L^G01,GB0457974,nan
IRELAND STK,GB0461737.L^D02,GB0461737,nan
Ireland Ord Shs,GB0461737.L^I08,GB0461737,IE0004617373
TR Organisation Ord Shs,GB0464899.L^C02,GB0464899,nan
Thomson Corp Ord Shs,GB0464899.L^G02,GB0464899,nan
Kuala Lumpur Kepong Ord Shs,GB0497583.L^G02,GB0497583,nan
KUALA LUMPUR KEP Ord Shs,GB0497583.L^C02,GB0497583,nan
J Sainsbury 8 Irrd Uns Ln Ord Shs,GB0767628.L^J02,GB0767628,nan
SAINSBURY Ord Shs,GB0767628.L^D02,GB0767628,nan
SIMMER & JACK Ord shs,GB0809003.L^H96,GB0809003,nan
SIMMER & JACK,GB0809003.L^G02,GB0809003,nan
WH Smith 5.125% Ord Shs,GB0817642.L^L96,GB0817642,nan
WH SMITH 0.0LS,GB0817642.L^D02,GB0817642,nan
STILFONTEIN GOLD Ord shs,GB0849708.L^C02,GB0849708,nan
Stilfontein Gold Mining Ord Shs,GB0849708.L^G02,GB0849708,nan
TAIPEI 0.0UN,GB0870452.L^I96,GB0870452,nan
TAIPEI FD.UTSRG,GB0870452.L^G02,GB0870452,nan
TATE & LYLE Ord Shs,GB0875532.L^D02,GB0875532,nan
Tate & Lyle Common Stock,GB0875532.L^J02,GB0875532,nan
Tesco Ord Shs,GB0884680.L^J02,GB0884680,nan
TESCO Ord shs,GB0884680.L^D02,GB0884680,nan
Thailand International Fund Ord Shs,GB0885821.L^G02,GB0885821,nan
THAILAND INTL Ord Shs,GB0885821.L^F97,GB0885821,BE0065176894
Thornton Ornt In Common Stock,GB0889812.L^F97,GB0889812,nan
Dresdner RCM Common Stock,GB0889812.L^G04,GB0889812,QQ0008898124
KVAERNER 10Q%06,GB0900780.L^J02,GB0900780,nan
TRAFALGAR HOUSE 0.0LS,GB0900780.L^K99,GB0900780,nan
TRAFALGAR HOUSE Ord Shs,GB0900887.L^I99,GB0900887,nan
TH Global ORD Shs,GB0900887.L^F97,GB0900887,GB0009008870
Transdev Ord Shs,GB0902021.L^F97,GB0902021,GB0009020214
TRANS DEV Ord Shs,GB0902021.L^K99,GB0902021,nan
Vogelstruisbult Metal Holdings Ord Shs,GB0930583.L^C02,GB0930583,nan
Vogels Common Stock,GB0930583.L^I02,GB0930583,ZAE000007787
ALCAN INC.NPV,GB2013200.L^G02,GB2013200,nan
Alcan Ord Shs,GB2013200.L^L94,GB2013200,nan
Bell South Ord Shs,GB2090601.L^L94,GB2090601,nan
Bellsouth Ord Shs,GB2090601.L^G02,GB2090601,nan
EMC Ord Shs,GB2257268.L^K02,GB2257268,nan
DATA GENERAL 0.0EQ,GB2257268.L^H96,GB2257268,nan
Eaton Ord Shs,GB2300883.L^H96,GB2300883,IE00B8KQN827
Eaton Corp Ord Shs,GB2300883.L^G02,GB2300883,nan
Republic Gold Ord Shs,GB2558046.L^K95,GB2558046,nan
Republic Goldfields Ord Shs,GB2558046.L^G02,GB2558046,nan
Sea Container Ord Shs,GB2786858.L^G02,GB2786858,nan
SEA COMTAINERS 0.0USDEQ,GB2786858.L^H96,GB2786858,nan
UNISYS 0.0EQ,GB2931595.L^L94,GB2931595,nan
Unisys Ord Shs,GB2931595.L^G02,GB2931595,nan
Relx Ord Shs,GB4311924.L^L02,GB4311924,nan
Reed Elsevier NV Common Stock,GB4311924.L^J94,GB4311924,nan
ESPIRITO SANTO Ord Shs,GB4316145.L^I96,GB4316145,nan
Espirito Santo Financial Ord Shs,GB4316145.L^G02,GB4316145,nan
VOLVO 'A',GB4931162.L^H04,GB4931162,nan
VOLVO Ord shs,GB4931162.L^H94,GB4931162,nan
Stolt Nielsen Seaway Ord Shs,GB5001462.L^C02,GB5001462,nan
Stolt-Nielsen SA Common Stock,GB5001462.L^F03,GB5001462,LU0062738231
Great Taipei Gas Ord shs,GB5061819.L^G02,GB5061819,nan
TAIPEI Ord Shs,GB5061819.L^F97,GB5061819,nan
Greenwich Coms Common Stock,GCC.L^A97,GCC,GB0003882569
C&C Group PLC,GCC.L,GCC,IE00B010DT83
Gcp Infrastructure Investments Ord Shs,GCPIc.L^H14,GCPIc,JE00BJT12C24
GCP Infrastructure Investments Ord Shs,GCPIc.L^E12,GCPIc,JE00B6SRCQ47
GCP Infrastructure Investments C Shares Ord Shs,GCPIc.L^D13,GCPIc,JE00B8GM9429
Govett Emerging Market Investment Trust PLC Common Stock,GEM.L^C01,GEM,GB0003789012
Gemfields Ord Shs,GEM.L^G17,GEM,GB00B0HX1083
Clan Homes Ord Shs,GENG.L^E09,GENG,GB0002007580
Genuit Group PLC,GENG.L,GENG,GB00BKRC5K31
Gold Frost Ord Shs,GLF.L^E08,GLF,IL0010952989
Globalnet Finl Common Stock,GLF.L^I01,GLF,US37937R2094
Greenhills PLC Common Stock,GLL.L^E97,GLL,GB0003875761
Gaucho Grill Common Stock,GLL.L^G02,GLL,GB0006703846
Glotel Ord Shs,GLO.L^H07,GLO,GB0006782147
ContourGlobal Ord Shs,GLO.L^L22,GLO,nan
Galileo Resources PLC,GLR.L,GLR,GB00B115T142
Gaelic Resources Common Stock,GLR.L^L99,GLR,nan
Game PLC Common Stock,GME.L^F99,GME,GB0002851862
Global Marine Ord Shs,GME.L^E08,GME,GB00B0SP6N19
Granada Media Common Stock,GME.L^B01,GME,GB0008447814
Grand Met Common Stock,GMET.L^L97,GMET,nan
Golden Metal Resources PLC,GMET.L,GMET,GB00BPQY8R36
GlobeOp Financial Services Ord Shs When Issued,GO.L^G07,GO,LU0303052996
Globeop Financial Services Ord Shs,GO.L^G12,GO,LU0311272891
Goal Petroleum Common Stock,GOAL.L^C96,GOAL,GB0003621751
Goals Soccer Centres Ord Shs,GOAL.L^I19,GOAL,GB00B0486M37
Global Opportunities Trust LTD Common Stock,GOT.L^I02,GOT,GB0008292277
Global Opportunities Trust PLC,GOT.L,GOT,GB0033862573
Guinness Peat Common Stock,GPGe.L^H04,GPGe,nan
Guinness Peat Gp Ord Shs,GPGe.L^B07,GPGe,GB00B08ZJV09
Guardian IT Ord Shs,GRD.L^G02,GRD,GB0002478070
Gradus Group PLC Common Stock,GRD.L^C97,GRD,GB0003809067
Greenway Common Stock,GRN.L^F00,GRN,GB0004929310
Gravity Diamonds Ord Shs,GRN.L^E07,GRN,AU000000GRN7
GS Chain PLC,GSC.L,GSC,GB00BP38X172
German Smaller Companies Investment Trust PLC Common Stock,GSC.L^J99,GSC,nan
Global Structurd Ord Shs,GSF.L^J06,GSF,nan
Gore Street Energy Storage Fund PLC,GSF.L,GSF,GB00BG0P0V73
GSTechnologies Ltd,GST.L,GST,VGG4164C1005
Govett Strategic Common Stock,GST.L^L03,GST,nan
Gusbourne PLC,GUS.L,GUS,GB00B8TS4M09
Experian Ord Shs,GUS.L^J06,GUS,GB00B19NLV48
Globalworth Real Estate Investments Ltd,GWI.L,GWI,GG00B979FD04
Genesis Worldwide Ord Shs,GWI.L^C09,GWI,CA3718472036
Gyrus Group Ord Shs,GYG.L^B08,GYG,GB0001701522
Gyg Ord Shs,GYG.L^I22,GYG,GB00BZ4FM652
Heal's PLC Common Stock,HAL.L^J01,HAL,nan
Ronson Common Stock,HAL.L^I95,HAL,GB0004393038
Hansa Investment Company Ltd,HAN.L,HAN,BMG428941162
Hanson Ord Shs,HAN.L^G93,HAN,GB0033516088
Harland & Wolff Group Holdings PLC,HARL.L,HARL,GB00BLPJ1272
Harrisons Inds Common Stock,HARL.L^B92,HARL,GB0004126388
Harvey Nash Group Ord Shs,HARV.L^L18,HARV,nan
Harvester Holdings Ord Shs When Issued,HARV.L^G21,HARV,VGG4403K1030
Hays Ord Shs,HAYS.L^G93,HAYS,GB0004161021
Hays PLC,HAYS.L,HAYS,GB0004161021
Hardide PLC,HDD.L,HDD,GB00BJJPX768
Hodder Headline Common Stock,HDD.L^H99,HDD,GB0004171491
Halladale Group Ord Shs,HDGr.L^H06,HDGr,GB00B15MRK65
Halladale Group Ordinary Shares,HDGr.L^H05,HDGr,GB00B07C1L61
Henderson Highland Ord Shs,HDH.L^D97,HDH,GB0004204045
Hidden Hearing I Common Stock,HDH.L^C00,HDH,GB0003517975
Hemscott (Assd Centerpoint Cash) Ord Shs,HEMA.L^I06,HEMA,GB00B1D3S868
Hemscott Ass Csh Common Stock,HEMA.L^H04,HEMA,QQ0032879744
Hampden Group Common Stock,HHC.L^K99,HHC,nan
Hexagon Human Capital Ord Shs,HHC.L^D10,HHC,GB00B12G3G91
HSBC Infrastructure Ord Shs,HICLc.L^A10,HICLc,GG00B597WD39
HSBC Infrastructure C Ord Shs,HICLc.L^A11,HICLc,GG00B4TB1205
Hicl Infrastructure Ord Shs,HICLc.L^D12,HICLc,GG00B5SNML04
HSBC Infrastructure Company Ltd C Shares,HICLc.L^F08,HICLc,GG00B2R01586
Henderson International C Ord Shs,HINTc.L^A14,HINTc,GB00BFMYZ981
Henderson International Income Trust Ord C Shs,HINTc.L^H17,HINTc,GB00BF2CLK52
Henderson Morley Ord Shs,HML.L^J10,HML,nan
Vebnet Holdings Ord Shs,HML.L^K96,HML,nan
Wessex Exploration Ord Shs,HNL.L^I17,HNL,GB00BSNM2916
Henlys Ord Shs,HNL.L^G04,HNL,GB0006914047
Holmes Place Ord Shs,HOL.L^H03,HOL,GB0001652774
Hollywood Media Services Ord Shs,HOL.L^L09,HOL,nan
hVIVO PLC,HVO.L,HVO,GB00B9275X97
Hvivo Ord Shs,HVO.L^A20,HVO,GB00B6ZM0X53
Highway Capital PLC,HWC.L,HWC,GB0008579384
Hartlepool Water Common Stock,HWC.L^L97,HWC,nan
HW Group PLC Common Stock,HWG.L^B00,HWG,GB0002926037
Hallwood Group Ord Shs,HWG.L^L90,HWG,nan
Harworth Group PLC,HWG.L,HWG,GB00BYZJ7G42
Hadrian'S Wall Secured Ord Shs,HWSLc.L^L18,HWSLc,nan
Hadrian'S Wall Secured Investments Ord Shs C,HWSLc.L^C18,HWSLc,GG00BDD98Q61
Honeygrove Grp Common Stock,HYG.L^B05,HYG,GB0009238519
Seneca Growth Capital VCT PLC,HYG.L,HYG,GB0031256109
Hydrodec Group Ord Shs,HYR.L^D21,HYR,GB00BFD2QZ40
Hyder Common Stock,HYR.L^J00,HYR,nan
Ibstock PLC,IBST.L,IBST,GB00BYXJC278
Ibstock PLC Common Stock,IBST.L^D99,IBST,GB0004554068
Incat International Ord Shs,ICN.L^K05,ICN,GB00B03THQ84
Interclubnet Common Stock,ICN.L^I03,ICN,GB0009247247
Impax Envtl Mkts Ord Shs,IEMc.L^L05,IEMc,nan
Impax Environmental Markets C Ord Shs,IEMc.L^L07,IEMc,nan
Impax Environmental Markets GBP C Inc,IEMc.L^J06,IEMc,GB00B197B270
IG Group Holdings PLC,IGG.L,IGG,GB00B06QFB75
Alphyra Group Common Stock,IGG.L^J01,IGG,nan
Inspiration Healthcare Group PLC,IHC.L,IHC,GB00BXDZL105
India Hospitality Ord Shs,IHC.L^C12,IHC,KYG476011369
Intuitive Investments Group PLC,IIG.L,IIG,GB00BNGFMW59
Independent Ins Common Stock,IIG.L^A02,IIG,GB0002577103
Impshire Thbred Ord Shs,IMP.L^A97,IMP,IE0008384830
Imprint Ord Shs,IMP.L^E08,IMP,GB0030417058
IMS Group PLC Common Stock,IMS.L^J02,IMS,nan
Indpt Med Supp Ord Shs,IMS.L^L08,IMS,nan
Schroders Capital Global Innovation Trust PLC,INOV.L,INOV,GB00BVG1CF25
Inova Ord Shs,INOV.L^L07,INOV,nan
Inspicio Ord Shs,INP.L^C08,INP,GB00B07BZ776
Inspirations PLC Common Stock,INP.L^J97,INP,nan
In Shops PLC Common Stock,INS.L^F94,INS,GB0004600358
Instem PLC,INS.L,INS,GB00B3TQCK30
International Nuclear Solutions Ord Shs,INS.L^B08,INS,GB00B12QZ964
Inspired Capital Assented Bentley Park Cash Ord Shs,INSA.L^G15,INSA,GB00BYMW8N01
Infast Group Ordinary Shares,INSA.L^H05,INSA,GB00B09LM852
International Nuclear Solutions Assented Babcock Ord Shs,INSA.L^I07,INSA,GB00B1Z3K778
Inspace Ord Shs,INSP.L^B08,INSP,GB00B07NFJ53
Inspirit Energy Holdings PLC,INSP.L,INSP,GB00B44W9L31
Innogy Hldgs Common Stock,IOG.L^G02,IOG,GB0009594036
Iog PLC,IOG.L,IOG,GB00BF49WF64
Island Oil Gas Ord Shs,IOG.L^E10,IOG,IE00B04BKQ42
Ionica Group Common Stock,ION.L^K98,ION,nan
Ionian Estates Ordinary Shares,ION.L^D06,ION,GB00B064H485
IPSA Group Ord Shs,IPSA.L^I16,IPSA,GB00B0CJ3F01
INTELLIPLUS GRP ASS SHS,IPSA.L^J03,IPSA,nan
Invesco Recovery Trust PLC Common Stock,IRT.L^K98,IRT,nan
RWS Holdings Ord Shs,IRT.L^H01,IRT,GB00BVFCZV34
Inmarsat Ord Shs,ISA.L^L19,ISA,nan
ISA International Ord Shs,ISA.L^G02,ISA,GB0004600911
Invesco Continental Smaller Co Ord Shs,ISM.L^K04,ISM,nan
Instem PLC Common Stock,ISM.L^K97,ISM,nan
I2S Common Stock,ITS.L^E04,ITS,GB0008213083
Itsarm PLC,ITS.L,ITS,GB00BMXMR838
Intereurope Tech Common Stock,ITS.L^I99,ITS,GB0004644570
ITV PLC,ITV.L,ITV,GB0033986497
Advanced Medical Solutions Group Ord Shs,ITV.L^K98,ITV,nan
Touchstone Innovations Ord Shs,IVO.L^L17,IVO,nan
Ivory & Sime Opt Common Stock,IVO.L^C04,IVO,GB0004530910
Invesco Perpetual Select Trust Ord Shs,IVPE.L^E11,IVPE,GB00B4YM1M87
Invesco Perpetual Select Trust Elected Hedge Fund Ord Shs,IVPE.L^K07,IVPE,nan
Inner Workings Common Stock,IWG.L^L99,IWG,nan
IWG Plc,IWG.L,IWG,JE00BYVQYS01
Johnson Controls Ord Shs,JCIq.L^K97,JCIq,nan
Invego Inv Common Stock,JCIq.L^L96,JCIq,nan
Jupiter Dividend & Growth Trust Cash Pool Ord Shs,JDTx.L^L05,JDTx,nan
Jupiter Dividend And Growth Ord Shs,JDTx.L^K17,JDTx,nan
Jupiter Finance Common Stock,JFI.L^K04,JFI,GB0030485790
JF Indonesia Fd Common Stock,JFI.L^D97,JFI,GB0004599923
Jubilee Investment Trust Ord Shs,JIT.L^B07,JIT,GB0032539537
New Star Investment Trust PLC,JIT.L^B01,JIT,GB0002631041
John Lusty Common Stock,JLG.L^D03,JLG,GB0009134650
John Laing Group Ord Shs,JLG.L^I21,JLG,GB00BVC3CB83
Joel Gold Mining Ord Shs,JOG.L^H96,JOG,nan
Jersey Oil and Gas PLC,JOG.L,JOG,GB00BYN5YK77
JSM Indochina Ord Shs,JSM.L^E12,JSM,KYG821151092
Empire Energy Group Ord Shs,JSM.L^A03,JSM,AU000000EEG4
Jetcam Common Stock,JTC.L^I03,JTC,BMG511341072
JTC PLC,JTC.L,JTC,JE00BF4X3P53
Kenetics Group Ord Shs,KEN.L^A11,KEN,GB00B17MXQ28
Kendrick Resources PLC,KEN.L,KEN,GB00BNBQZW49
Ketson PLC Common Stock,KETL.L^J90,KETL,nan
Strix Group PLC,KETL.L,KETL,IM00BF0FMG91
Kistos Ord Shs,KIST.L^L22,KIST,nan
Kistos Holdings Plc,KIST.L,KIST,GB00BP7NQJ77
Kish Resources Common Stock,KRS.L^B97,KRS,IE0004945170
Keras Resources PLC,KRS.L,KRS,GB00BMY2T534
BlackRock Latin American Investment Trust PLC,LAM.L^J98,LAM,nan
Lamprell Ord Shs,LAM.L^J22,LAM,nan
La Tasca Group Ord Shs,LAT.L^F07,LAT,GB00B05JYJ82
Lattice Group Common Stock,LAT.L^J02,LAT,nan
Leplat Common Stock,LBP.L^C97,LBP,nan
Lb-Shell Ord Shs,LBP.L^A19,LBP,GB00BNB7LQ31
Lone Star Common Stock,LCE.L^E91,LCE,US5422904087
Enterprise Ord Shs,LCE.L^G97,LCE,GB0005031231
Logistics Development Group PLC,LDG.L,LDG,GB00BD8QVC95
Legacy Distribution Ord Shs,LDG.L^C07,LDG,USU523551013
Profile Media Ord Shs,LEP.L^J00,LEP,nan
Lep Group PLC Common Stock,LEP.L^L95,LEP,nan
RAC Ord Shs,LEX.L^I02,LEX,GB0005145239
Lexington Gold Ltd,LEX.L,LEX,BMG5479L1072
Philippine Gold Common Stock,LFT.L^H96,LFT,GB0005262505
Loftus Road Common Stock,LFT.L^D01,LFT,GB0005247373
Liberty Living Ord Shs,LIBL.L^E15,LIBL,GB00BN406867
Libertine Holdings PLC,LIBL.L,LIBL,GB00BN6PSG15
London Intl Grp Common Stock,LIG.L^I99,LIG,GB0004998026
Leggmason Inv IG Common Stock,LIG.L^L04,LIG,nan
LIT Holdings PLC Common Stock,LITL.L^I93,LITL,GB0005195176
Litigation Capital Management Ltd,LITL.L,LITL,AU000000LCA6
Lloyds TSB Ord Shs,LLOY.L^L95,LLOY,nan
Lloyds Banking Group PLC,LLOY.L,LLOY,GB0008706128
LogicaCMG Ord Shs,LOGg.L^K05,LOGg,nan
LogicaCMG Common Stock,LOGg.L^K00,LOGg,nan
Lombard Medical Ord Shs,LOM.L^G03,LOM,GB0009682948
Atrium Underwrng Ord Shs,LOM.L^L98,LOM,nan
Lond Stock Exch Ord Shs,LSEA.L^C06,LSEA,GB00B0TZ1574
London Stock Exchange Assented Nightingale Ord Shs,LSEA.L^B07,LSEA,GB00B1HNSD71
Laidlaw Thomson Ord Shs,LTGL.L^C90,LTGL,nan
Learning Technologies Group PLC,LTGL.L,LTGL,GB00B4T7HX10
Loudwater Trust Ord Shs,LWT.L^J13,LWT,nan
LWT Holdings Ord Shs,LWT.L^E94,LWT,GB0005389985
MG Capital Ord Shs,MAPL.L^F09,MAPL,GB00B02S3576
MAI PLC Common Stock,MAPL.L^I93,MAPL,GB0005940191
Martin Currie Smaller Companies Investment Trust PLC Common Stock,MCS.L^G99,MCS,GB0006019193
Mccarthy and Stone Ord Shs,MCS.L^B21,MCS,GB00BYNVD082
Meldex International Ord Shs,MDX.L^C09,MDX,GB0032681628
Wakebourne PLC Common Stock,MDX.L^L93,MDX,nan
Mentmore Common Stock,MEN.L^F04,MEN,GB0005765903
Molecular Energies PLC,MEN.L,MEN,GB00BMT80K89
Merchant Retail Common Stock,MERL.L^I93,MERL,GB0006422421
Merlin Entertainment Group Ord Shs,MERL.L^K19,MERL,GB00BDZT6P94
MG PLC Common Stock,MGA.L^I00,MGA,GB0008293358
M and G Second Dual Trust PLC Common Stock,MGA.L^K95,MGA,nan
Magna Investment Ord Shs,MGN.L^J06,MGN,nan
Mirror Group PLC Common Stock,MGN.L^K99,MGN,nan
Martin Currie Common Stock,MHC.L^F05,MHC,GB0003520573
Manufac Hanover Common Stock,MHC.L^A92,MHC,US5648091016
Mobeus Income & Growth 2 VCT PLC,MIG.L,MIG,GB00B0LKLZ05
Mackie Intl Grp Common Stock,MIG.L^I99,MIG,GB0005583835
Magnolia Group Common Stock,MLA.L^L95,MLA,nan
Merrill Lynch Asset Allocator Growth GBP 0.001 Ord Shs,MLA.L^K06,MLA,GB0005671523
Morland PLC Common Stock,MLD.L^K99,MLD,nan
Mirland Development Corp. Ord Shs,MLD.L^L16,MLD,nan
Mt Martin Gold Common Stock,MMG.L^I93,MMG,nan
Medical Mktng GP Ord Shs,MMG.L^L09,MMG,nan
Monterrico Metal Ord Shs,MNA.L^F09,MNA,GB0031695009
Milagro Min Common Stock,MNA.L^D97,MNA,nan
Lcl Resources Ord Shs,MNC.L^J18,MNC,nan
CT Private Equity Trust PLC,MNC.L^I01,MNC,GB0030738271
MNC Strategic Investments Ord Shs,MNCS.L^G15,MNCS,GB00BNGXS216
MANCHESTER SHIP STK,MNCS.L^J93,MNCS,nan
Manpower Inc Common Stock,MNP.L^F91,MNP,GB0001055416
Martin Currie Global Portfolio Trust PLC,MNP.L,MNP,GB0005372411
Mediterranean Oil and Gas Ord Shs,MOG.L^H14,MOG,GB00B0MZGF99
Monument Oil Common Stock,MOG.L^I99,MOG,GB0006011356
Madagascar Oil Ord Shs,MOIL.L^D16,MOIL,BMG5738R1016
Medoil Ord Shs,MOIL.L^L07,MOIL,nan
Eight Capital Partners Ord Shs,MORE.L^G18,MORE,GB00BYT56612
More Group PLC Common Stock,MORE.L^H98,MORE,GB0006023872
Minster Pharmaceuticals Ord Shs,MPM.L^C10,MPM,GB00B142W462
Mporium Group Ord Shs,MPM.L^L19,MPM,nan
Marlowe Holdings Ord Shs,MRLM.L^C16,MRLM,BZP6464V1004
Marlowe PLC,MRLM.L,MRLM,GB00BD8SLV43
Metroline PLC Common Stock,MRO.L^E00,MRO,GB0001043446
Metro Radio Common Stock,MRO.L^J95,MRO,nan
Melrose Industries PLC,MRON.L,MRON,GB00BNGDN821
Melrose Industries Ord Shs,MRON.L^K15,MRON,GB00BV9FYX34
Melrose Resources Ord Shs,MRR.L^L99,MRR,nan
Mill Residential REIT Ord Shs,MRR.L^K15,MRR,nan
Mothercare PLC,MTC.L,MTC,GB0009067447
Clark Matthew Common Stock,MTC.L^B99,MTC,GB0002013083
Metrotect Common Stock,MTE.L^K99,MTE,nan
Mission Testing Common Stock,MTE.L^J02,MTE,nan
Metnor Group Ord Shs,MTGL.L^D09,MTGL,GB0003782249
Mountleigh Group Ord Shs,MTGL.L^E92,MTGL,GB0006077571
Metal Bulletin Assd Cash Ord Shs,MTLA.L^K06,MTLA,nan
Metals Exploration Assd Solomon Cap Cash Ord Shs,MTLA.L^I10,MTLA,GB00B52ZJZ59
Multimedia Telev Ord Shs,MTM.L^E06,MTM,GB0033711127
Meristem PLC Common Stock,MTM.L^D00,MTM,GB0005578181
Matalan Ord Shs,MTN.L^L06,MTN,nan
Metana Minerals Common Stock,MTN.L^A94,MTN,nan
Meteor Tech Common Stock,MTN.L^L97,MTN,nan
Motor World Grp Common Stock,MWG.L^K96,MWG,nan
Modern Water Ord Shs,MWG.L^L20,MWG,nan
Murray International Trust PLC Common Stock,MYIe.L^J96,MYIe,nan
Murray International Trust New Ord Shs,MYIe.L^B07,MYIe,GB00B131CR72
Murray TMT PLC Common Stock,MYT.L^K04,MYT,nan
Mytrah Energy Ord Shs,MYT.L^E18,MYT,GG00B64BJ143
MOLYNX HLDS STK,MYX.L^E94,MYX,GB0005987093
Exchange FS Group Ord Shs,MYX.L^L00,MYX,nan
Mycelx Technologies Corporation Ord Shs,MYXR.L^C20,MYXR,USU624551151
Mycelx Technologies Ord Shs,MYXR.L^I17,MYXR,USU624551078
New Look Group Ord Shs,NEW.L^D04,NEW,GB0002760949
New World Oil And Gas Ord Shs,NEW.L^K16,NEW,nan
Newcourt Ord Shs,NEW.L^L09,NEW,nan
Northern Foods Ord Shs,NFDSe.L^I06,NFDSe,GB00B0NYG441
Northern Foods Common Stock,NFDSe.L^K98,NFDSe,nan
Newport Hldgs Common Stock,NPT.L^K03,NPT,nan
Netplay TV Ord Shs,NPT.L^D17,NPT,GB00BZBXBN29
Nash William PLC Common Stock,NSW.L^K01,NSW,nan
Nu-Swift PLC Common Stock,NSW.L^C94,NSW,GB0006514086
Northumbrian Water Group Ord Shs,NWG.L^J11,NWG,GB0033029744
Natwest Group PLC,NWG.L,NWG,GB00BM8PJY71
Olim Convertible Trust PLC Common Stock,OCT.L^E99,OCT,GB0006589823
Octagonal Ord Shs,OCT.L^A21,OCT,GB00BWWCHQ23
Octopus Publishing Group Ord Shs,OCTP.L^C90,OCTP,nan
Oxford Cannabinoid Technologies Holdings PLC,OCTP.L,OCTP,GB00BMVMRB86
Okyo Pharma Corporation Ord Shs,OKYO.L^C18,OKYO,VGG6743A1093
Okyo Pharma Ord Shs,OKYO.L^E23,OKYO,GG00BD3FV870
Oxford Nanopore Technologies PLC,ONT.L,ONT,GB00BP6S8Z30
Online Travel Common Stock,ONT.L^E04,ONT,GB0008290453
Optoplast Common Stock,OPP.L^F02,OPP,GB0002240157
Origo Partners Ord Shs,OPP.L^E22,OPP,IM00B1G3MS12
Ocean Power Tech Common Stock,OPT.L^A04,OPT,USU675011030
Musedia Corp Ord Shs,OPT.L^J01,OPT,nan
Oriole Resources PLC,ORR.L,ORR,GB00B0T29327
Oriental Restaur Common Stock,ORR.L^A01,ORR,GB0006616782
Oasis Health Ord Shs,OSH.L^I07,OSH,GB0006556152
Oil Search Ord Shs,OSH.L^D97,OSH,PG0008579883
OXFORD BIOMED NP,OXBn.L^J03,OXBn,GB0033571125
Oxford Biomedica Common Stock,OXBn.L^C99,OXBn,GB0005671960
Platform Specialty Products Ord Shs,PAH.L^B14,PAH,VGG712491098
Northacre Ord Shs,PAH.L^E99,PAH,GB0006877939
Pan European Terminals Ord Shs,PAN.L^G14,PAN,GB00B12V3082
Tax Systems Ord Shs,PAN.L^J06,PAN,nan
Prop Acq Mgmt Common Stock,PAQ.L^K04,PAQ,nan
PAQ International Holdings Ord Shs,PAQ.L^K10,PAQ,nan
Premium Bars and Restaurants Ord Shs,PBR.L^G09,PBR,GB0007456139
Pictet Brit Inv Common Stock,PBR.L^I99,PBR,GB0006881725
Polar Capital Technology Trust PLC,PCT.L,PCT,GB0004220025
PCT Group PLC Common Stock,PCT.L^A97,PCT,GB0006656473
Parkdean Leisure Common Stock,PDL.L^C95,PDL,GB0006715360
Petra Diamonds Ltd,PDL.L,PDL,BMG702782084
Peel Hunt Ltd,PEEL.L,PEEL,GG00BLGZJW08
Peel Hotels Ord Shs,PEEL.L^I19,PEEL,GB0002583606
Perpetual Common Stock,PER.L^C01,PER,GB0006823891
Perspective Cap Ord Shs,PER.L^J06,PER,nan
Perform Group Ord Shs,PER.L^L14,PER,nan
Proactis Holdings Ord Shs,PHD.L^G21,PHD,GB00B13GSS58
World Fluids PLC Common Stock,PHD.L^J98,PHD,nan
Primary Health Properties (Ordinary Ranking for Dividend) Ord Shs,PHPr.L^J07,PHPr,nan
Primary Health Properties Ord Shs,PHPr.L^J09,PHPr,nan
Peterhouse Group Asset Babcock Max Shares Ord Shs,PHSC.L^G04,PHSC,GB00B00JWF59
PHSC PLC,PHSC.L,PHSC,GB0033113456
Pace Ord Shs,PIC.L^A16,PIC,GB0006672785
Pace Micro Tech Common Stock,PIC.L^G96,PIC,GB0006672900
Sygen Intl Ordinary,PII.L^K01,PII,nan
Pilot Investment Trust PLC Common Stock,PII.L^G97,PII,GB0006888605
Prism Rail Common Stock,PIM.L^J00,PIM,nan
Plant Impact Ord Shs,PIM.L^C18,PIM,GB00B1F4K366
Pirelli SpA Common Stock,PIRIq.L^H03,PIRIq,IT0000088457
Pirelli Tyre Common Stock,PIRIq.L^D97,PIRIq,NL0000377117
Parkman Group Common Stock,PKN.L^J03,PKN,nan
Perkins Foods Common Stock,PKN.L^C01,PKN,GB0002567518
Pelican Group Common Stock,PLN.L^J96,PLN,nan
Planit Holdings Ord Shs,PLN.L^L06,PLN,nan
Pineapple Power Corporation PLC,PNPL.L,PNPL,GB00BD0SN947
Pennant Props Common Stock,PNPL.L^J90,PNPL,nan
Peninsular And Oriental Steam Navigation Deferred Ord Shs,POA.L^C06,POA,GB00B0S8BW40
Po Na Na Group Common Stock,POA.L^J03,POA,GB0006938756
Portman Ord Shs,POR.L^G04,POR,AU000000PMM1
7 Group Common Stock,POR.L^F00,POR,GB0009365148
Prospect Inds Common Stock,PPI.L^L97,PPI,nan
Premier Pacific Ord Shs,PPI.L^E07,PPI,IE0009195268
Prophotonix Reg S Ord Shs,PPIR.L^F15,PPIR,USU743121068
Prophotonix Ord Shs,PPIR.L^I18,PPIR,USU743121142
Premier Renewable Energy Fund Ord Shs,PRF.L^L10,PRF,nan
Partridge Fine Ord Shs,PRF.L^B06,PRF,GB0006732316
Prog Geared IT Common Stock,PRG.L^C04,PRG,GB0008798240
Paragon Diamonds Ord Shs,PRG.L^L15,PRG,nan
Premier Resrch Ord Shs,PRG.L^F08,PRG,GB00B03XM769
PRI Group Common Stock,PRI.L^F03,PRI,GB0031711632
Practical Inv Common Stock,PRI.L^L93,PRI,nan
Palandri Ord Shs,PRI.L^L06,PRI,nan
Prolific Income PLC Common Stock,PRI.L^G00,PRI,GB0006972755
Premiere Group Common Stock,PRM.L^A98,PRM,GB0006927643
Proteome Sciences PLC,PRM.L,PRM,GB0003104196
Global Property Support Network Ord Shs,PSH.L^J06,PSH,nan
Padang Senang Common Stock,PSH.L^G01,PSH,GB0006665656
Mediwatch Ord Shs,PST.L^J00,PST,nan
Portrait Software Ord Shs,PST.L^H10,PST,GB0031918716
Primesight PLC Common Stock,PST.L^E99,PST,GB0000452507
Protagona Common Stock,PTG.L^L02,PTG,nan
Planestation Group Ord Shs,PTG.L^B07,PTG,GB00B02TW206
Porth Group PLC Common Stock,PTG.L^C95,PTG,GB0006956337
Promethean Ord Shs,PTH.L^L14,PTH,nan
PPL Therapeutics Ord Shs,PTH.L^G04,PTH,GB0006657448
Photo-Scan Common Stock,PTO.L^K04,PTO,nan
Partco Group PLC Common Stock,PTO.L^H99,PTO,GB0006731672
Protonex Tech Ord Shs,PTX.L^F10,PTX,USU743101003
Pentex Oil PLC Common Stock,PTX.L^A96,PTX,nan
Pure Entertain Common Stock,PUR.L^K01,PUR,nan
Pure Gold Mining Ord Shs,PUR.L^B23,PUR,CA74624E1007
Pure Wafer Ord Shs,PUR.L^A16,PUR,GB00BG5GTX01
Pinewood Group Ord Shs,PWS.L^J16,PWS,nan
PWS Holdings PLC Common Stock,PWS.L^I00,PWS,GB0006660715
Quadrise PLC,QED.L,QED,GB00B11DDB67
Quintain Estates and Development Ord Shs,QED.L^J15,QED,GB0007184442
Raven Mount Ord Shs,RAV.L^J08,RAV,nan
Raven Property Group Limited,RAV.L^F22,RAV,GB00B0D5V538
Raven Mount Group Ord Shs,RAV.L^F09,RAV,GB00B3CRHN14
Revolution Bars Group PLC,RBG.L,RBG,GB00BVDPPV41
Rensburg Sheppards Ord Shs,RBG.L^F10,RBG,GB00B0712D26
Rea Brothers Common Stock,RBG.L^I99,RBG,GB0007271728
RDL Group Ord Shs,RDL.L^D03,RDL,GB0007352494
RDL Realisation Plc,RDL.L^B21,RDL,GB00BW4NPD65
Redline Communications Group Ord Shs,RDL.L^A09,RDL,CA7576374002
Red Squared Ord Shs,RDS.L^A08,RDS,GB0002892635
Radius PLC Common Stock,RDS.L^K98,RDS,nan
Redde Ord Shs,REDD.L^B20,REDD,GB00BLWF0R63
Redde Northgate PLC,REDD.L,REDD,GB00B41H7391
RDF Group Ord Shs,RFG.L^G09,RFG,GB0008246752
Rainford Group Common Stock,RFG.L^J96,RFG,nan
Ranger Oil Ltd Common Stock,RGO.L^H00,RGO,CA7528051013
Riverfort Global Opportunities PLC,RGO.L,RGO,GB00BKKD0862
RCO Holdings PLC Common Stock,RHL.L^I00,RHL,GB0007183816
Redhall Group Ord Shs,RHL.L^G19,RHL,GB0001112035
Ranks Hovis Common Stock,RHM.L^B93,RHM,GB0007247868
RHM Ord Shs,RHM.L^C07,RHM,GB00B09Z0V67
Round Hill Music Royalty Fund Ltd,RHM.L,RHM,GG00BMXNVC81
RM Secured Direct Lending C,RMDLc.L^C18,RMDLc,GB00BD884W63
RM Secured Direct Lending Ord C Shs,RMDLc.L^G18,RMDLc,GB00BFX12M00
Rockpool Acquisitions PLC,ROC.L,ROC,GB00BF2MWC40
Roc Oil Company Ord Shs,ROC.L^K09,ROC,AU000000ROC4
Sportech PLC,ROD.L,ROD,GB00B28ZPV64
Sportech Ord Shs,ROD.L^I00,ROD,GB00B28ZPV64
Romag Holdings Ord Shs,ROM.L^E11,ROM,GB0033665729
Romtec PLC Common Stock,ROM.L^G00,ROM,GB0007485930
Vodafone Group Ord Shs,RTG.L^B92,RTG,GB00BH4HKS39
Thirdforce Ord Shs,RTG.L^B98,RTG,IE0002242869
Restaurant Group PLC,RTN.L,RTN,GB00B0YG1K06
RTS Networks Ord Shs,RTN.L^C02,RTN,GB0009369900
Salehurst PLC Common Stock,SAL.L^H99,SAL,GB0007718348
Spaceandpeople PLC,SAL.L,SAL,GB00BPQDJM21
South America Fd Common Stock,SAR.L^C99,SAR,ANN814981109
Sareum Holdings PLC,SAR.L,SAR,GB00BMC3RJ87
Shell Class B Ord Shs,SC.L^G93,SC,GB00B03MM408
Supercart Ord Shs,SC.L^A13,SC,GB0034211036
Scudder Latin America Investment Trust PLC Common Stock,SCD.L^L00,SCD,nan
Scott Tod Ord Shs,SCD.L^I06,SCD,GB0032280363
Snackhouse Common Stock,SCK.L^E02,SCK,GB0000917707
Schroder Korea Fund PLC Common Stock,SCK.L^G99,SCK,GB0007901852
Scotty Group Ord Shs,SCO.L^D13,SCO,AT0000A0V6L3
Scottish Heritable Trust PLC Common Stock,SCO.L^K93,SCO,nan
Glow Comms Common Stock,SDT.L^L99,SDT,nan
Aerodrome Group Ord Shs,SDT.L^E03,SDT,IL0003630105
Spandex Ord Shs,SDX.L^L96,SDX,nan
SDX Business Sys Common Stock,SDX.L^J98,SDX,nan
Sondex Ord Shs,SDX.L^J07,SDX,GB0033047100
SDX Energy PLC,SDX.L,SDX,GB00BJ5JNL69
Strategic Equity Capital PLC,SEC.L,SEC,GB00B0BDCB21
Second Consolidated Trust PLC Common Stock,SEC.L^H99,SEC,GB0007909145
SR Europe Investment Trust Ord Shs,SEIT.L^E12,SEIT,GB0030668940
SDCL Energy Efficiency Income Trust PLC,SEIT.L,SEIT,GB00BGHVZM47
Sequoia Economic Infrastructure Income Fund Limited C Ord Shs,SEQIc.L^C16,SEQIc,GG00BYP6HV03
Sequoia Economic Infrastructure Income Fund Ord Shs,SEQIc.L^K16,SEQIc,nan
Servelec Group Ord Shs,SERV.L^A18,SERV,GB00BFRBTP86
Servocell Grp Ord Shs,SERV.L^A08,SERV,GB00B0WFWK60
Strategic Global Ord Shs,SGB.L^J06,SGB,nan
SGB Group PLC Common Stock,SGB.L^G00,SGB,GB0007651275
Springhealth Lei Ordinary Shares,SGLA.L^C05,SGLA,GB00B05BQ217
Summit Germany Assd Ord Shs,SGLA.L^F09,SGLA,GG00B3QTYV06
Southern Bus Common Stock,SGP.L^G95,SGP,GB0008291865
Sanctuary Group Ord Shs,SGP.L^I07,SGP,GB00B0Y6NC65
Safe Harbour Holdings Ord Shs,SHH.L^H20,SHH,JE00BF03FZ36
Scot High Htls Common Stock,SHH.L^I99,SHH,GB0007065021
Scholl PLC Common Stock,SHL.L^H98,SHL,GB0003237186
SHL Group Ord Shs,SHL.L^K06,SHL,nan
Spectrum Interac Ord Shs,SIN.L^D10,SIN,GB00B07BZ552
Sterling Inds Common Stock,SIN.L^B00,SIN,GB0008460007
Sanditon Investment Trust PLC,SIT.L^L19,SIT,nan
Leicester City Common Stock,SIT.L^J97,SIT,nan
Solar Integrated Technologies Ord Shs,SIT.L^H09,SIT,USU8340P1031
Schroder Japanese Warrant Fund Ltd Common Stock,SJP.L^G98,SJP,GB0007896110
St James's Place PLC,SJP.L,SJP,GB0007669376
Sky Assd Ord Shs,SKYA.L^K18,SKYA,nan
Skywest Airlines Ord Shs,SKYA.L^D13,SKYA,SG9999002018
Smith New Court Common Stock,SMH.L^J95,SMH,nan
Sinclair Mntrose Common Stock,SMH.L^I99,SMH,GB0008557729
Supporta Ord Shs,SOR.L^C10,SOR,GB0032703059
Sports & Outdoor Common Stock,SOR.L^F00,SOR,GB0003050399
Sound Energy PLC,SOU.L,SOU,GB00B90XFF12
News Comms & Med Common Stock,SOU.L^K98,SOU,nan
Hellenic Dynamics Ord Shs,SPC.L^B22,SPC,GB00B3CQW227
Sec Pac Common Stock,SPC.L^D92,SPC,US8148231009
Sportscard Group Ord Shs,SPC.L^L01,SPC,nan
Scot Pride Hldgs Common Stock,SPD.L^E97,SPD,GB0007899908
SPC Holdings Common Stock,SPD.L^L05,SPD,nan
Sprefs UK Com Common Stock,SPF.L^E05,SPF,IE0033849617
Sharpe & Fisher Common Stock,SPF.L^B00,SPF,GB0008003294
Spargos Mining Common Stock,SPG.L^C92,SPG,nan
Spargo Consult Common Stock,SPG.L^H98,SPG,GB0008330689
Springboard Ord Shs,SPG.L^F06,SPG,GB0003520680
Braemar Ord Shs,SPH.L^H02,SPH,GB0000600931
Sinclair Is Pharma Ord Shs,SPH.L^K18,SPH,GB0033856740
Spice Ord Shs,SPI.L^L10,SPI,nan
Spire Healthcare Group PLC,SPI.L,SPI,GB00BNLPYF73
Spirent Communications plc,SPT.L,SPT,GB0004726096
Seaperfect Ord Shs,SPT.L^A96,SPT,GB0007919060
Singapore Para Ord Shs,SRB.L^G01,SRB,GB0008106071
Serabi Gold PLC,SRB.L,SRB,GB00BG5NDX91
Sheriff Holdings Common Stock,SRF.L^J97,SRF,nan
Surfcontrol Ord Shs,SRF.L^J07,SRF,GB0002901790
Southern Rock Ordinary Shares,SRO.L^G06,SRO,GB00B09Z4701
Spitfire Oil Ord Shs,SRO.L^I20,SRO,BMG836741048
Television Corp Ord Shs,SSV.L^L95,SSV,nan
Siteserv Ord Shs,SSV.L^F12,SSV,IE00B1FWGK93
Scisys Group Ord Shs,SSY.L^L19,SSY,nan
SCS Satellite Common Stock,SSY.L^C97,SSY,GB0007642431
Star Energy Group PLC,STAR.L,STAR,GB00BZ042C28
Star Energy Group Ord Shs,STAR.L^C08,STAR,GB00B00W1F70
Stentor PLC Common Stock,STN.L^H00,STN,IE0008450300
Setstone Common Stock,STN.L^K04,STN,GB0008528928
Stone Container Common Stock,STOq.L^K98,STOq,nan
Santos Ord Shs,STOq.L^G94,STOq,AU000000STO6
Stepstone Ord Shs,STP.L^A10,STP,NO0010010473
Travelers Companies Ord Shs,STP.L^L96,STP,nan
Supreme PLC,SUP.L,SUP,GB00BDT89C08
Highway Capital Ord Shs,SUP.L^A01,SUP,GB0008579384
Seven Arts Entertainment Ord Shs,SVA.L^C07,SVA,US81783N5086
Solvera PLC Common Stock,SVA.L^L97,SVA,nan
Save Group PLC Common Stock,SVE.L^K01,SVE,nan
Starvest PLC,SVE.L,SVE,GB0009619817
Pennon Group Ord Shs,SWW.L^H98,SWW,GB00BNNTLN49
Swallow Group Common Stock,SWW.L^D00,SWW,GB0009272286
Speymill Ord Shs,SYG.L^B15,SYG,IM00B1ZBDN89
Systems Int Common Stock,SYG.L^L01,SYG,nan
Synchronica ASSD Myraid Ord Shs,SYNA.L^A13,SYNA,GB00B750P649
Synstar PLC Common Stock,SYNA.L^J04,SYNA,nan
SysGroup PLC,SYS.L,SYS,GB00BYT18182
System C Healthcare Ord Shs,SYS.L^E11,SYS,GB00B0940H91
Therapeutic Anti Common Stock,TAB.L^I99,TAB,US88337M1009
Becket Invest PLC,TAB.L,TAB,GB00BMWKKL25
Tele Cine Cell Common Stock,TCG.L^H98,TCG,GB0008814435
Thomas Cook Group Ord Shs,TCG.L^I19,TCG,GB00B1VYCH82
Terence Chapman Common Stock,TCG.L^K02,TCG,nan
TeleCity Ord Shs,TCY.L^J05,TCY,nan
Telecity Group Ord Shs,TCY.L^A16,TCY,GB00B282YM11
Tepnel Life SC Ord Shs,TED.L^D09,TED,GB0008841859
Ted Baker Ord Shs,TED.L^J22,TED,GB0001048619
Energy Group PLC Common Stock,TEG.L^F98,TEG,GB0003132478
Ten Entertainment Group PLC,TEG.L,TEG,GB00BF020D33
Telegraph PLC Common Stock,TEL.L^G96,TEL,GB0002505823
Telephone Maint Ord Shs,TEL.L^G07,TEL,GB00B19GGM94
Thalassa Holdings Ltd,THAL.L,THAL,VGG878801114
Thornton Asian Emerging Markets Investment Trust PLC Common Stock,THAL.L^I93,THAL,GB0008902560
Investment Mgmt Common Stock,THS.L^L92,THS,nan
Thales Ord Shs,THS.L^G03,THS,FR0000121329
Timestrip Ord Shs,TIME.L^G10,TIME,GB00B067M199
Time Finance PLC,TIME.L,TIME,GB00BCDBXK43
2 Travel Group Common Stock,TLG.L^L04,TLG,nan
TLG Ord Shs,TLG.L^L98,TLG,nan
Talarius Ord Shs,TLS.L^B07,TLS,GB00B06K3158
TLS Range PLC Common Stock,TLS.L^J97,TLS,nan
Dennis Group Common Stock,TNY.L^J97,TNY,nan
Your Space Ord Shs,TNY.L^K01,TNY,nan
Thomson Reuters Ord Shs,TOC.L^H93,TOC,CA8849038085
Tom Cobleigh PLC Common Stock,TOC.L^L96,TOC,nan
Top Creation Investments Ord Shs,TOPC.L^A15,TOPC,JE00B5Q9HB52
Topdanmark Ord Shs,TOPC.L^C97,TOPC,DK0060477503
Tertre Rouge Assets PLC,TRA.L,TRA,GB00BNHN6S26
Tracker Network Ord Shs,TRA.L^I99,TRA,GB0008921669
Thames River Multi Hedge PCC GBX Ord Shs,TRMc.L^H07,TRMc,GG00B1Z49739
Thames River Multi Hedge PCC-C Sterling NPV Ord Shs,TRMc.L^K06,TRMc,nan
Thames River Multi Hedge C Sterling Ord Shs,TRMc.L^A08,TRMc,GG00B28CR776
Thames River Multi Hedge C Euro Ord Shs,TRMcu.L^A08,TRMcu,GG00B28CR990
Thames River Multi Hedge PCC C USD Open Fund,TRMcu.L^K06,TRMcu,nan
Thames River Multi Hedge PCC-C Euro NPV Ord Shs,TRMcx.L^K06,TRMcx,nan
Thames River Multi Hedge C Dollar Ord Shs,TRMcx.L^A08,TRMcx,GG00B28CR883
TruFin PLC,TRU.L,TRU,JE00BYVWJZ03
Henderson Smaller Companies Investment Trust PLC,TRU.L^I97,TRU,GB0009065060
Thomson Travel Depository Receipt,TRV.L^I00,TRV,GB0002706652
Schroder Asian Total Return Investment Co PLC,TRV.L^K97,TRV,nan
Torex Retail Ord Shs,TRX.L^G07,TRX,GB0034291632
Tissue Regenix Group PLC,TRX.L,TRX,GB00BNTXR104
TSB Banking Group Ord Shs,TSB.L^G15,TSB,GB00BMQX2Q65
Lloyds TSB Common Stock,TSB.L^L95,TSB,nan
TT electronics PLC,TTG.L,TTG,GB0008711763
TT Electronics Ord Shs,TTG.L^E01,TTG,GB0008711763
TTG Europe Common Stock,TTL.L^I05,TTL,GB0004395850
Progility Ord Shs,TTL.L^L01,TTL,nan
Time Warner Ord Shs,TWXq.L^K07,TWXq,nan
Time Warner Inc Common Stock,TWXq.L^J96,TWXq,nan
Texas Instrument Ord Shs,TXN.L^H96,TXN,US8825081040
TranXenoGen Common Stock,TXN.L^G05,TXN,USU893951041
United Biscuits Common Stock,UBIS.L^F00,UBIS,GB0002707957
United Biscuits,UBIS.L^D01,UBIS,nan
United Carriers Common Stock,UCG.L^H99,UCG,GB0009256750
United Carpets Group Ord Shs,UCG.L^A21,UCG,GB00B05J4D26
United Clearing Ord Shs,UCL.L^E06,UCL,GB0032060872
Universal Coal Ord Shs,UCL.L^K08,UCL,GB00B0704D34
Unocal Corp Common Stock,UCLq.L^A00,UCLq,US9152891027
UCL Resources Ord Shs,UCLq.L^A09,UCLq,AU000000UCL4
Utilico Emerging Markets Ord Shs,UEMc.L^G06,UEMc,BMG931151226
Utilico Emerging Mkts C Ord Shs,UEMc.L^C08,UEMc,BMG931071119
Vernalis Ord Shs,VER.L^J18,VER,GB00B3Y5L754
Vero Group PLC Common Stock,VER.L^H98,VER,GB0009333443
Versarien PLC,VRS.L,VRS,GB00B8YZTJ80
Metaltech Intl Common Stock,VRS.L^L96,VRS,nan
Vertu Motors PLC,VTU.L,VTU,GB00B1GK4645
Virtuality Common Stock,VTU.L^A98,VTU,GB0009293100
Worldlink Group PLC,WGP.L,WGP,GB00B3P21X12
World Gaming Ord Shs,WGP.L^D07,WGP,GB00B07RW076
Weeks Group Common Stock,WGP.L^G03,WGP,GB0009462895
Wills Group PLC Common Stock,WLG.L^F95,WLG,GB0009688077
Wireless Group Ord Shs,WLG.L^J16,WLG,nan
Wellman PLC Common Stock,WLL.L^D98,WLL,GB0009476796
Willington Common Stock,WLL.L^G04,WLL,GB0004491642
Weston Medical Common Stock,WMG.L^F05,WMG,GB0003821625
Waste Management Common Stock,WMG.L^K98,WMG,nan
Alumina Ltd Common Stock,WMNG.L^G95,WMNG,nan
Alumina Ord Shs,WMNG.L^K95,WMNG,nan
Woodside Energy Group Ord Shs,WPL.L^H96,WPL,AU0000224040
Workplace Tech Common Stock,WPL.L^J99,WPL,nan
Westminster Group PLC,WSG.L,WSG,GB00B1XLC220
SG Warburg Grp Common Stock,WSG.L^G95,WSG,GB0005806103
Westcity Ord Shs,WTC.L^K09,WTC,nan
Provalis Common Stock,WTC.L^L91,WTC,nan
World Travel Hld Common Stock,WTL.L^F04,WTL,GB0033478560
Waterlogic Ord Shs,WTL.L^A15,WTL,JE00B3X52W88
Woolwich Common Stock,WWH.L^J00,WWH,nan
Worldwide Healthcare Trust PLC,WWH.L,WWH,GB0003385308
eXpansys Ord Shs,XPS.L^D14,XPS,GB00B1VMLL97
XPS Pensions Group PLC,XPS.L,XPS,GB00BDDN1T20
Astrazeneca Ord Shs,ZEN.L^D99,ZEN,GB0009895292
Zen Research Ord Shs,ZEN.L^G02,ZEN,GB0006704695
